{
  "license_no" : "120813010002",
  "customer_no" : "12081301",
  "deploy_type" : "REAL",
  "validation" : {
    "from_license" : "00000000",
    "to_license" : "99999999",
    "license_type" : "DEVICE",
    "company_count" : 1,
    "admin_count" : 3,
    "user_count" : 0,
    "device_count" : 21010,
    "server_ips" : [ "10.101.1.50", "10.101.1.51", "10.101.1.52", "10.101.1.53" ]
  },
  "app_license" : [ {
    "app_key" : "COCDANP0",
    "app_name" : "Coway Cody Android"
  }, {
    "app_key" : "COHCANP0",
    "app_name" : "Coway Homecare Doctor"
  }, {
    "app_key" : "CODTANP0",
    "app_name" : "Coway Doctor Android"
  } ]
}